frequency,r1,r2,r3,r4,r5,c1,c2,c3
2.000000000000000e+01,0.000000000000000e+00,-3.736996421211035e-08,-4.007677926285092e-07,-2.347883779578088e-07,2.424977666631575e-07,-7.440717587715594e-08,-2.219120904763919e-07,-1.674344020443153e-04,-4.155940106749369e-04,6.975350945833835e-06,1.731818771436852e-05,6.774946608411584e+02,-1.789021004301715e+05,8.506495471989755e+04,-1.311432742876960e+05,-1.010531679671811e+06,-1.608973994701965e+06
2.049382716049383e+01,0.000000000000000e+00,-4.796097459309692e-08,-4.364977205065453e-07,-2.413522177630428e-07,2.501017329679795e-07,-7.731563382097999e-08,-2.281783763045184e-07,-1.743458194676521e-04,-4.247698556873817e-04,7.263264543388317e-06,1.770058257873746e-05,-1.853816646740451e+03,-1.954205424199194e+05,8.742848431190521e+04,-1.457895508645810e+05,-1.048093873994724e+06,-1.642643710664448e+06
2.098765432098765e+01,0.000000000000000e+00,-5.999049930025449e-08,-4.744063551708974e-07,-2.481665133195755e-07,2.574083578131573e-07,-8.028806687251326e-08,-2.345977039558812e-07,-1.813918957787590e-04,-4.339769013147309e-04,7.556787373792199e-06,1.808427923246534e-05,-4.836770837368658e+03,-2.130417287767799e+05,8.940854720186465e+04,-1.614457575904722e+05,-1.086324808703044e+06,-1.676895336173092e+06
2.148148148148148e+01,0.000000000000000e+00,-7.357391335234200e-08,-5.145768103776626e-07,-2.552756141725314e-07,2.644013771986858e-07,-8.333027309872525e-08,-2.411814334235171e-07,-1.885795546866983e-04,-4.432217853136279e-04,7.856207900160275e-06,1.846955431813369e-05,-8.313753973981808e+03,-2.318185498261820e+05,9.095828695625355e+04,-1.781452039476435e+05,-1.125286906279322e+06,-1.711799892150558e+06
2.197530864197530e+01,0.000000000000000e+00,-8.883319455282091e-08,-5.570960291811173e-07,-2.627258400371292e-07,2.710656961898128e-07,-8.644858643598500e-08,-2.479413105652790e-07,-1.959163650621850e-04,-4.525109828259527e-04,8.161841466429020e-06,1.885667770752949e-05,-1.232999513791301e+04,-2.518067487631099e+05,9.202892366520986e+04,-1.959222574650731e+05,-1.165047738222142e+06,-1.747428520064411e+06
2.246913580246913e+01,0.000000000000000e+00,-1.058975669829562e-07,-6.020551690358024e-07,-2.705655596045168e-07,2.773872916393780e-07,-8.964990401124949e-08,-2.548895015394819e-07,-2.034105496214191e-04,-4.618507943373723e-04,8.474030659320023e-06,1.924591200022346e-05,-1.693384796637712e+04,-2.730651687905204e+05,9.256955357633237e+04,-2.148125456056385e+05,-1.205680169650055e+06,-1.783852620889695e+06
2.296296296296295e+01,0.000000000000000e+00,-1.249042200783304e-07,-6.495499956268177e-07,-2.788453007745219e-07,2.833531171911650e-07,-9.294171837132818e-08,-2.620386303149148e-07,-2.110709967628596e-04,-4.712473336957751e-04,8.793145801688528e-06,1.963751202466255e-05,-2.217710595061550e+04,-2.956560137688491e+05,9.252691643439310e+04,-2.348531605084527e+05,-1.247262550133084e+06,-1.821144008035899e+06
2.345679012345678e+01,0.000000000000000e+00,-1.459991090972384e-07,-6.996812851860363e-07,-2.876178927931414e-07,2.889510125130562e-07,-9.633215505050769e-08,-2.694018193048130e-07,-2.189072757437340e-04,-4.807065158112579e-04,9.119585585037956e-06,2.003172432601378e-05,-2.811535456869994e+04,-3.196451231295567e+05,9.184512906171157e+04,-2.560828661440967e+05,-1.289878952901560e+06,-1.859375071448482e+06
2.395061728395061e+01,0.000000000000000e+00,-1.693378437142167e-07,-7.525552351292758e-07,-2.969386409539471e-07,2.941696185649521e-07,-9.983001595730272e-08,-2.769927332005186e-07,-2.269296553777988e-04,-4.902340436472945e-04,9.453777848768160e-06,2.042878662449475e-05,-3.480836373973481e+04,-3.451022615436490e+05,9.046538328902554e+04,-2.785423072730421e+05,-1.333619463519975e+06,-1.898618948458392e+06
2.444444444444443e+01,0.000000000000000e+00,-1.950866725136427e-07,-8.082838828570791e-07,-3.068655347507060e-07,2.989983006020410e-07,-1.034448291157521e-07,-2.848256261046344e-07,-2.351491264343096e-04,-4.998353941000152e-04,9.796180513656827e-06,2.082892722740115e-05,-4.232052471015751e+04,-3.721014252585590e+05,8.832560635635382e+04,-3.022742207608087e+05,-1.378580524917223e+06,-1.938949705027530e+06
2.493827160493826e+01,0.000000000000000e+00,-2.234235723493536e-07,-8.669855325126360e-07,-3.174594906508942e-07,3.034270805618182e-07,-1.071869053682536e-07,-2.929153920899256e-07,-2.435774279209301e-04,-5.095158023424165e-04,1.014728267719234e-05,2.123236437720045e-05,-5.072133593982722e+04,-4.007211652875458e+05,8.536008088788032e+04,-3.273236484343427e+05,-1.424865338454441e+06,-1.980442519997375e+06
2.543209876543208e+01,0.000000000000000e+00,-2.545394528733248e-07,-9.287851893547720e-07,-3.287846309847395e-07,3.074465804768288e-07,-1.110674027265365e-07,-3.012776193326074e-07,-2.522270774383686e-04,-5.192802441870085e-04,1.050760587858298e-05,2.163930551708972e-05,-6.008594335416461e+04,-4.310449292776447e+05,8.149902151730428e+04,-3.537381519526191e+05,-1.472584327767340e+06,-2.023173874540869e+06
2.592592592592591e+01,0.000000000000000e+00,-2.886394880471569e-07,-9.938150011871378e-07,-3.409086008181544e-07,3.110479786064717e-07,-1.150983991517361e-07,-3.099286479918893e-07,-2.611114058032648e-04,-5.291334159900211e-04,1.087770554163885e-05,2.204994645415290e-05,-7.049574098725035e+04,-4.631614227754416e+05,7.666810434994703e+04,-3.815680292339251e+05,-1.521855668122568e+06,-2.067221742418973e+06
2.641975308641974e+01,0.000000000000000e+00,-3.259445881522177e-07,-1.062214705963821e-06,-3.539029250977061e-07,3.142229800886415e-07,-1.192929746532493e-07,-3.188856320279685e-07,-2.702445961466409e-04,-5.390797115830496e-04,1.125817260416414e-05,2.246447039869504e-05,-8.203903908905461e+04,-4.971649920112193e+05,7.078794509826945e+04,-4.108665330581185e+05,-1.572805889620465e+06,-2.112665783419740e+06
2.691358024691356e+01,0.000000000000000e+00,-3.666930277353061e-07,-1.134132084256535e-06,-3.678434088255226e-07,3.169638040854380e-07,-1.236653037218582e-07,-3.281666051693855e-07,-2.796417277082753e-04,-5.491231956720943e-04,1.164963534305017e-05,2.288304685642519e-05,-9.481180741859088e+04,-5.331560278727023e+05,6.377352055455721e+04,-4.416900903611711e+05,-1.625570555050110e+06,-2.159587530816740e+06
2.740740740740739e+01,0.000000000000000e+00,-4.111422470994798e-07,-1.209723414692368e-06,-3.828105835444109e-07,3.192631896390031e-07,-1.282307592583350e-07,-3.377905512554186e-07,-2.893188245615523e-04,-5.592675730883201e-04,1.205276140484659e-05,2.330583034783746e-05,-1.089185031592021e+05,-5.712413945871678e+05,5.553352792232960e+04,-4.740985237892510e+05,-1.680295027013546e+06,-2.208070581078394e+06
2.790123456790121e+01,0.000000000000000e+00,-4.595708473963613e-07,-1.289153929733836e-06,-3.988902039901796e-07,3.211144227759863e-07,-1.330060293223875e-07,-3.477774791920011e-07,-2.992929095197006e-04,-5.695161532098512e-04,1.246826005227077e-05,2.373295892642917e-05,-1.244729934689110e+05,-6.115348818747695e+05,4.596967485671695e+04,-5.081552730227583e+05,-1.737135324633695e+06,-2.258200772957099e+06
2.839506172839504e+01,0.000000000000000e+00,-5.122808021668719e-07,-1.372598268237533e-06,-4.161737994121992e-07,3.225113878088385e-07,-1.380092482219306e-07,-3.581485027651486e-07,-3.095820634894888e-04,-5.798718087934975e-04,1.289688463775058e-05,2.416455246405023e-05,-1.415995847856009e+05,-6.541576831943931e+05,3.497589267598032e+04,-5.439276163959261e+05,-1.796259084332731e+06,-2.310066360310871e+06
2.888888888888886e+01,0.000000000000000e+00,-5.695999113191571e-07,-1.460240920056089e-06,-4.347592847702268e-07,3.234486462940499e-07,-1.432601436781191e-07,-3.689259255576923e-07,-3.202054905552498e-04,-5.903369283643406e-04,1.333943531579444e-05,2.460071066788336e-05,-1.604341723527298e+05,-6.992389002688754e+05,2.243746370021663e+04,-5.814868911405250e+05,-1.857846633229069e+06,-2.363758172664756e+06
2.938271604938269e+01,0.000000000000000e+00,-6.318845271367896e-07,-1.552276656489322e-06,-4.547516378103944e-07,3.239215477361893e-07,-1.487802020611406e-07,-3.801333312055889e-07,-3.311835890891941e-04,-6.009133611987091e-04,1.379676200653053e-05,2.504151078887244e-05,-1.811255255352117e+05,-7.469160746550924e+05,8.230052477832800e+03,-6.209087108398525e+05,-1.922092187943002e+06,-2.419369760534845e+06
2.987654320987652e+01,0.000000000000000e+00,-6.995225859653336e-07,-1.648910938583459e-06,-4.762636488912174e-07,3.239263768936398e-07,-1.545928539750017e-07,-3.917956792143345e-07,-3.425380291982087e-04,-6.116023538116060e-04,1.426976762335008e-05,2.548700497623110e-05,-2.038367264607633e+05,-7.973357456047839e+05,-7.781370839424397e+03,-6.622731771752806e+05,-1.989205190346323e+06,-2.476997517967012e+06
3.037037037037034e+01,0.000000000000000e+00,-7.729369839060160e-07,-1.750360293043724e-06,-4.994167514158665e-07,3.234605434678698e-07,-1.607236828154184e-07,-4.039394065217988e-07,-3.542918368236651e-04,-6.224044767048256e-04,1.475941157785661e-05,2.593721722621138e-05,-2.287467828315248e+05,-8.506540359410908e+05,-2.574372835547194e+04,-7.056650848328273e+05,-2.059411801570817e+06,-2.536740783610649e+06
3.086419753086417e+01,0.000000000000000e+00,-8.525893401231864e-07,-1.856852642770960e-06,-5.243419418039828e-07,3.225228210769144e-07,-1.672006593043614e-07,-4.165925349468315e-07,-3.664694848156486e-04,-6.333195399609169e-04,1.526671357552902e-05,2.639213986618637e-05,-2.560524375200669e+05,-9.070372619579881e+05,-4.581716890779959e+04,-7.511741133831115e+05,-2.132956564746595e+06,-2.598701903908400e+06
3.135802469135799e+01,0.000000000000000e+00,-9.389841974534660e-07,-1.968627575640311e-06,-5.511807991538998e-07,3.211136437587678e-07,-1.740544054597537e-07,-4.297847845902896e-07,-3.790969912969783e-04,-6.443464960605789e-04,1.579275771525364e-05,2.685172950645029e-05,-2.859702022117982e+05,-9.666625675469046e+05,-6.817655663701928e+04,-7.988950031024576e+05,-2.210104262849881e+06,-2.662986257377511e+06
3.185185185185182e+01,0.000000000000000e+00,-1.032673716922738e-06,-2.085936530963331e-06,-5.800866160952679e-07,3.192354698673327e-07,-1.813184919752474e-07,-4.435476931560272e-07,-3.922020256177238e-04,-6.554833280643863e-04,1.633869690527418e-05,2.731590238227243e-05,-3.187386452512964e+05,-1.029718577343253e+06,-9.301313360185684e+04,-8.489277068452983e+05,-2.291141990272655e+06,-2.729702223772513e+06
3.234567901234565e+01,0.000000000000000e+00,-1.134262930695049e-06,-2.209042877929481e-06,-6.112256538360700e-07,3.168932251671298e-07,-1.890297735853951e-07,-4.579147410221815e-07,-4.058140221708821e-04,-6.667269210230595e-04,1.690575760686280e-05,2.778452899722641e-05,-3.546209697079858e+05,-1.096406066742331e+06,-1.205363794456716e+05,-9.013775122099096e+05,-2.376381470977119e+06,-2.798961093063720e+06
3.283950617283948e+01,0.000000000000000e+00,-1.244415627061896e-06,-2.338221853999468e-06,-6.447785360942159e-07,3.140948392723175e-07,-1.972287676935414e-07,-4.729214817109251e-07,-4.199643022914758e-04,-6.780729141556170e-04,1.749524491499375e-05,2.825742796526102e-05,-3.939079211788150e+05,-1.166938638404970e+06,-1.509760940133247e+05,-9.563551209976280e+05,-2.466161645392782e+06,-2.870876888846708e+06
3.333333333333331e+01,0.000000000000000e+00,-1.363860951413939e-06,-2.473760323418439e-06,-6.809417984598699e-07,3.108518923845275e-07,-2.059600823403635e-07,-4.886056771610135e-07,-4.346862043883304e-04,-6.895155309651691e-04,1.810854798227291e-05,2.873435893359397e-05,-4.369210726754502e+05,-1.241543398286324e+06,-1.845847328814612e+05,-1.013976675334215e+06,-2.560851566355153e+06,-2.945566094241733e+06
3.382716049382714e+01,0.000000000000000e+00,-1.493400819050601e-06,-2.615956306415122e-06,-7.199296118234326e-07,3.071803926779541e-07,-2.152729005426543e-07,-5.050074368879546e-07,-4.500152223503536e-04,-7.010473840199789e-04,1.874714578789778e-05,2.921501445007880e-05,-4.840165400243167e+05,-1.320461617320461e+06,-2.216400298454501e+05,-1.074363713624708e+06,-2.660853640797589e+06,-3.023147253868314e+06
3.432098765432097e+01,0.000000000000000e+00,-1.633918249204830e-06,-2.765118217808806e-06,-7.619757007830326e-07,3.031017087646630e-07,-2.252215291145250e-07,-5.221693597018058e-07,-4.659891521231772e-04,-7.126592506275815e-04,1.941261324734969e-05,2.969901061786946e-05,-5.355891898215982e+05,-1.403949362089343e+06,-2.624479453717375e+05,-1.137643036698266e+06,-2.766607262539523e+06,-3.103740424114057e+06
3.481481481481480e+01,0.000000000000000e+00,-1.786386745192532e-06,-2.921563739125878e-06,-8.073354804802986e-07,2.986436866142606e-07,-2.358660213629980e-07,-5.401366761104551e-07,-4.826482461475518e-04,-7.243398150378064e-04,2.010662765000358e-05,3.018587635553844e-05,-5.920774108521868e+05,-1.492278070639061e+06,-3.073459853066134e+05,-1.203946458096578e+06,-2.878592884041814e+06,-3.187466433327731e+06
3.530864197530862e+01,0.000000000000000e+00,-1.951880863261538e-06,-3.085618230274794e-06,-8.562884380674117e-07,2.938419862752213e-07,-2.472728845262137e-07,-5.589573888387501e-07,-5.000353750789665e-04,-7.360753721306852e-04,2.083097540052272e-05,3.067504105247784e-05,-6.539685327356963e+05,-1.585735047656103e+06,-3.567069413773093e+05,-1.273410410291730e+06,-2.997336591594068e+06,-3.274445916482735e+06
3.580246913580245e+01,0.000000000000000e+00,-2.131588132858592e-06,-3.257612564510924e-06,-9.091407880014194e-07,2.887416809844514e-07,-2.595158845479803e-07,-5.786824079940092e-07,-5.181961958445494e-04,-7.478494867530553e-04,2.158755902476654e-05,3.116582037639868e-05,-7.218049854498460e+05,-1.684623836805207e+06,-4.109431109204707e+05,-1.346175364727864e+06,-3.123415240766320e+06,-3.364798061571578e+06
3.629629629629628e+01,0.000000000000000e+00,-2.326822513908378e-06,-3.437880242792610e-06,-9.662284335660595e-07,2.833991700354397e-07,-2.726769627902253e-07,-5.993656762503643e-07,-5.371793246132818e-04,-7.596426019504522e-04,2.237840438095297e-05,3.165739995152081e-05,-7.961913103681261e+05,-1.789264423202170e+06,-4.705110624983577e+05,-1.422385019174922e+06,-3.257462230298538e+06,-3.458639007241870e+06
3.679012345679011e+01,0.000000000000000e+00,-2.539039602572473e-06,-3.626753609415690e-06,-1.027920270389131e-06,2.778844674455486e-07,-2.868472816184646e-07,-6.210642779414458e-07,-5.570365126285979e-04,-7.714315882808644e-04,2.320566799070017e-05,3.214881658187389e-05,-8.778021510357901e+05,-1.899993205665373e+06,-5.359170238646731e+05,-1.502185194592377e+06,-3.400174002925808e+06,-3.556079816320903e+06
3.728395061728394e+01,0.000000000000000e+00,-2.769853826144619e-06,-3.824558948352046e-06,-1.094621871197867e-06,2.722839414545598e-07,-3.021284185172207e-07,-6.438385240450690e-07,-5.778228220317372e-04,-7.831892251688396e-04,2.407164437039485e-05,3.263893664295006e-05,-9.673913694817438e+05,-2.017162655512288e+06,-6.077229781110551e+05,-1.585722364940738e+06,-3.552317362879789e+06,-3.657223920891610e+06
3.777777777777777e+01,0.000000000000000e+00,-3.021057900369103e-06,-4.031610187023506e-06,-1.166779594487216e-06,2.667035957071740e-07,-3.186337315433397e-07,-6.677520026089299e-07,-5.995967977440122e-04,-7.948836038491903e-04,2.497877319916928e-05,3.312643120621776e-05,-1.065802456586290e+06,-2.141140557093968e+06,-6.865535654904447e+05,-1.673141725982378e+06,-3.714737714088777e+06,-3.762163914753195e+06
3.827160493827160e+01,0.000000000000000e+00,-3.294644858788511e-06,-4.248200868695575e-06,-1.244885163014177e-06,2.612730022875095e-07,-3.364899225942638e-07,-6.928715810418603e-07,-6.224206300983062e-04,-8.064774398227065e-04,2.592964610237860e-05,3.360974739320846e-05,-1.173980436625047e+06,-2.272308708155707e+06,-7.731039051402871e+05,-1.764584695364641e+06,-3.888368356043360e+06,-3.870977561065752e+06
3.876543209876543e+01,0.000000000000000e+00,-3.592833003553272e-06,-4.474593973136727e-06,-1.329480760749845e-06,2.561500203540016e-07,-3.558388291968956e-07,-7.192673427032948e-07,-6.463603011392138e-04,-8.179272808953621e-04,2.692701275570156e-05,3.408707537874595e-05,-1.292985487427332e+06,-2.411060903779582e+06,-8.681484602903789e+05,-1.860185693619776e+06,-4.074240955873811e+06,-3.983722814015095e+06
3.925925925925926e+01,0.000000000000000e+00,-3.918094170343508e-06,-4.711009063579611e-06,-1.421164698748315e-06,2.515264629735487e-07,-3.768394804154191e-07,-7.470124351109631e-07,-6.714857052270768e-04,-8.291825947562130e-04,2.797378591983932e-05,3.455631037468722e-05,-1.424008537961660e+06,-2.557799996138463e+06,-9.725510903091972e+05,-1.960068031765042e+06,-4.273497355830420e+06,-4.100431636993002e+06
3.975308641975309e+01,0.000000000000000e+00,-4.273185745792910e-06,-4.957606111271777e-06,-1.520597700680177e-06,2.476349100453155e-07,-3.996704580777308e-07,-7.761828005373255e-07,-6.978707316452092e-04,-8.401847176702991e-04,2.907304489347479e-05,3.501500882638794e-05,-1.568389143767222e+06,-2.712933763761099e+06,-1.087276450354876e+06,-2.064338686675261e+06,-4.487402889161284e+06,-4.221102343536979e+06
4.024691358024692e+01,0.000000000000000e+00,-4.661186922921220e-06,-5.214465190747678e-06,-1.628509856692394e-06,2.447569084340739e-07,-4.245326109167507e-07,-8.068567513912139e-07,-7.255932931487800e-04,-8.508656431959122e-04,3.022803671548804e-05,3.546033794294458e-05,-1.727635978642604e+06,-2.876869241389231e+06,-1.213402913825182e+06,-2.173081683552708e+06,-4.717361377617234e+06,-4.345690105996315e+06
4.074074074074075e+01,0.000000000000000e+00,-5.085539726308615e-06,-5.481561041256440e-06,-1.745708288557760e-06,2.432328533924321e-07,-4.516521764620260e-07,-8.391143420361637e-07,-7.547352795622406e-04,-8.611466268929950e-04,3.144217424613744e-05,3.588901755960600e-05,-1.903450333108936e+06,-3.050005077474840e+06,-1.352137213685175e+06,-2.286349743521213e+06,-4.964932014176925e+06,-4.474095210530852e+06
4.123456790123458e+01,0.000000000000000e+00,-5.550095380461074e-06,-5.758731242762257e-06,-1.873085558001781e-06,2.434739102119209e-07,-4.812843735974180e-07,-8.730364749465053e-07,-7.853824093609719e-04,-8.709365798094065e-04,3.271902999981490e-05,3.629725319818176e-05,-2.097753062864183e+06,-3.232721369343849e+06,-1.504831016547571e+06,-2.404153769703183e+06,-5.231848348349434e+06,-4.606148535929324e+06
4.172839506172841e+01,0.000000000000000e+00,-6.059166626646532e-06,-6.045636445916187e-06,-2.011628831241533e-06,2.459764144801069e-07,-5.137175376096051e-07,-9.087036614593863e-07,-8.176239442690584e-04,-8.801302201687211e-04,3.406232427269550e-05,3.668065905105150e-05,-2.312715477581289e+06,-3.425366263870016e+06,-1.672999652274600e+06,-2.526449629227902e+06,-5.520039579273795e+06,-4.741593589494982e+06
4.222222222222224e+01,0.000000000000000e+00,-6.617586606886882e-06,-6.341710709009061e-06,-2.162429782675312e-06,2.513392864734662e-07,-5.492778791200783e-07,-9.461943347686112e-07,-8.515522218191874e-04,-8.886059492848204e-04,3.547590568839055e-05,3.703416947268146e-05,-2.550794723017144e+06,-3.628238433611456e+06,-1.858343235582404e+06,-2.653121564831366e+06,-5.831654382283797e+06,-4.880064296402662e+06
4.271604938271606e+01,0.000000000000000e+00,-7.230774916351755e-06,-6.646099511826335e-06,-2.326695174581567e-06,2.602851138441319e-07,-5.883349582405197e-07,-9.855825838036100e-07,-8.872619479536349e-04,-8.962234145088795e-04,3.696372174862781e-05,3.735193742826363e-05,-2.814774255703960e+06,-3.841564286278759e+06,-2.062770410942016e+06,-2.783961395432300e+06,-6.169087464597300e+06,-5.021057529839233e+06
4.320987654320989e+01,0.000000000000000e+00,-7.904811358665909e-06,-6.957582412895777e-06,-2.505757980982990e-06,2.736857012216827e-07,-6.313079750717783e-07,-1.026935139447212e-06,-9.248491753611635e-04,-9.028207193366278e-04,3.852977629332497e-05,3.762721823733082e-05,-3.107810052548593e+06,-4.065468458030102e+06,-2.288424935244563e+06,-2.918642457049024e+06,-6.535009011974223e+06,-5.163899129615488e+06
4.370370370370372e+01,0.000000000000000e+00,-8.646517795653644e-06,-7.274476564064639e-06,-2.701088823301198e-06,2.925930605634973e-07,-6.786729863544755e-07,-1.070307396882220e-06,-9.644098724294695e-04,-9.082112392387149e-04,4.017806990714976e-05,3.785223688478276e-05,-3.433483219705341e+06,-4.299935746976579e+06,-2.537715269662525e+06,-3.056686973060120e+06,-6.932397116660402e+06,-5.307701854426858e+06
4.419753086419755e+01,0.000000000000000e+00,-9.463548224929717e-06,-7.594516360019222e-06,-2.914307340377582e-06,3.182770274376075e-07,-7.309711642000305e-07,-1.115738196815309e-06,-1.006037961313002e-03,-9.121800021806453e-04,4.191251821048895e-05,3.801803718827904e-05,-3.795859648990743e+06,-4.544762138703949e+06,-2.813347268133176e+06,-3.197425212895721e+06,-7.364573149226972e+06,-5.451313333576146e+06
4.469135802469138e+01,0.000000000000000e+00,-1.036448678936067e-05,-7.914703339655904e-06,-3.147192908318580e-06,3.522709413342360e-07,-7.888182140287351e-07,-1.163243010278839e-06,-1.049822670312074e-03,-9.144795964795283e-04,4.373684158504633e-05,3.811431126397134e-05,-4.199557308464706e+06,-4.799491952947550e+06,-3.118359917322606e+06,-3.339944400329108e+06,-7.835239861638496e+06,-5.593251636898276e+06
4.518518518518521e+01,0.000000000000000e+00,-1.135895274183803e-05,-8.231119024549775e-06,-3.401693832407127e-06,3.964271275015704e-07,-8.529150615397602e-07,-1.212805072130091e-06,-1.095845003898134e-03,-9.148255775059899e-04,4.565441813997151e-05,3.812920810128922e-05,-4.649821576223657e+06,-5.063337320409136e+06,-3.456163847767663e+06,-3.483024817022146e+06,-8.348521679221614e+06,-5.731625492102846e+06
4.567901234567904e+01,0.000000000000000e+00,-1.245771034275379e-05,-8.538691626794126e-06,-3.679933721010425e-06,4.529842666455274e-07,-9.240598972266425e-07,-1.264363881748158e-06,-1.144173081445381e-03,-9.128913616283051e-04,4.766808954613980e-05,3.804912076065419e-05,-5.152608731193095e+06,-5.335075205527830e+06,-3.830581995220494e+06,-3.625059941418445e+06,-8.909006211391140e+06,-5.864035509276554e+06
4.617283950617287e+01,0.000000000000000e+00,-1.367278009547569e-05,-8.830905433550472e-06,-3.984213175285045e-06,5.246491362919245e-07,-1.003161623499856e-06,-1.317800329186481e-06,-1.194856030988196e-03,-9.083026247519868e-04,4.977990666832866e-05,3.785845291377173e-05,-5.714677194353111e+06,-5.612915932923913e+06,-4.245891265391626e+06,-3.763956715043257e+06,-9.521785346473575e+06,-5.987451944442135e+06
4.666666666666670e+01,0.000000000000000e+00,-1.501754540028873e-05,-9.099439136734628e-06,-4.317004127902951e-06,6.146956450464244e-07,-1.091254671693718e-06,-1.372917503599581e-06,-1.247916045066398e-03,-9.006312697382099e-04,5.199079862214231e-05,3.753936740073490e-05,-6.343685248302364e+06,-5.894335596357200e+06,-4.706863257222537e+06,-3.897011118270677e+06,-1.019249329163734e+07,-6.098063532642833e+06
4.716049382716053e+01,0.000000000000000e+00,-1.650684531471394e-05,-9.333716404762829e-06,-4.680933058004564e-06,7.270845364737292e-07,-1.189515026357280e-06,-1.429415989887262e-06,-1.303338110213039e-03,-8.893891001913720e-04,5.430014490225843e-05,3.707152252743657e-05,-7.048292645882972e+06,-6.175862834068710e+06,-5.218800957259894e+06,-4.020753193701422e+06,-1.092733753708158e+07,-6.191090803297755e+06
4.765432098765436e+01,0.000000000000000e+00,-1.815703921202621e-05,-9.520348622122373e-06,-5.078747790956898e-06,8.666075677098923e-07,-1.299277086338351e-06,-1.486862151200306e-06,-1.361056809167481e-03,-8.740214493482473e-04,5.670522554100082e-05,3.643180646063586e-05,-7.838261486583855e+06,-6.452808156280689e+06,-5.787566649512793e+06,-4.130754451359943e+06,-1.173311671329303e+07,-6.260556017876051e+06
4.814814814814819e+01,0.000000000000000e+00,-1.998602213609586e-05,-9.642446081146394e-06,-5.513260521195293e-06,1.039060286371525e-06,-1.422050669098135e-06,-1.544647523155706e-06,-1.420939466815081e-03,-8.539011783311510e-04,5.920051891771402e-05,3.559408697375782e-05,-8.724548670474255e+06,-6.718921299770298e+06,-6.419593879084812e+06,-4.221389267894007e+06,-1.261721643399039e+07,-6.299000507286876e+06
4.864197530864202e+01,0.000000000000000e+00,-2.201315976148676e-05,-9.678770302840803e-06,-5.987256898467043e-06,1.251447593681296e-06,-1.559536973587121e-06,-1.601937009682825e-06,-1.482764772666597e-03,-8.283237000898255e-04,6.177681107890135e-05,3.452900388092756e-05,-9.719377726760132e+06,-6.965959046212627e+06,-7.121872909605475e+06,-4.285540573808795e+06,-1.358757021802722e+07,-6.297138900619597e+06
4.913580246913585e+01,0.000000000000000e+00,-2.425909803612462e-05,-9.602697190918691e-06,-6.503357278053654e-06,1.512225851736743e-06,-1.713641584014955e-06,-1.657603081063487e-06,-1.546195877164734e-03,-7.965040336339949e-04,6.442007477836869e-05,3.320384600685213e-05,-1.083627128185853e+07,-7.183142755724939e+06,-7.901894376060169e+06,-4.314239013743275e+06,-1.465256708222557e+07,-6.243438783869021e+06
4.962962962962968e+01,0.000000000000000e+00,-2.674538348055735e-05,-9.380959478482176e-06,-7.063811309647291e-06,1.831583979853266e-06,-1.886481520760037e-06,-1.710142664406033e-06,-1.610746851504666e-03,-7.575773860970987e-04,6.711007195784834e-05,3.158257507816405e-05,-1.209001594000531e+07,-7.356481814043083e+06,-8.767529189334070e+06,-4.296224170043693e+06,-1.582087969099900e+07,-6.123614062303814e+06
5.012345679012351e+01,0.000000000000000e+00,-2.949380413969675e-05,-8.972139293429135e-06,-7.670200679853104e-06,2.221763176888382e-06,-2.080381790669440e-06,-1.757572956917957e-06,-1.675741366763034e-03,-7.106054453301806e-04,6.981863196886891e-05,2.962608746977826e-05,-1.349651805621161e+07,-7.467937179445413e+06,-9.726813777804883e+06,-4.217417104877248e+06,-1.710117672979984e+07,-5.920021645097827e+06
5.061728395061733e+01,0.000000000000000e+00,-3.252532655943660e-05,-8.324890764171852e-06,-8.323016843080941e-06,2.697409664119897e-06,-2.297854684637439e-06,-1.797302120999472e-06,-1.740262566386947e-03,-6.545914977155590e-04,7.250756275381100e-05,2.729284357419791e-05,-1.507249036472731e+07,-7.494399462617125e+06,-1.078759771781501e+07,-4.060296385969536e+06,-1.850166956440433e+07,-5.610955151835412e+06
5.111111111111116e+01,0.000000000000000e+00,-3.585845926691172e-05,-7.375893391578365e-06,-9.021070980966072e-06,3.275945766515969e-06,-2.541552009132911e-06,-1.825970984958091e-06,-1.803093504968300e-03,-5.885087188733597e-04,7.512616881031230e-05,2.454004594051590e-05,-1.683488424549841e+07,-7.406460799821153e+06,-1.195699511833059e+07,-3.803176644940696e+06,-2.002942570618564e+07,-5.169838166585786e+06
5.160493827160499e+01,0.000000000000000e+00,-3.950681729013709e-05,-6.047577109607910e-06,-9.760682668621463e-06,3.977929722507967e-06,-2.814176300344143e-06,-1.839262894865303e-06,-1.862648407804520e-03,-5.113475551307633e-04,7.760838647832801e-05,2.132561276460833e-05,-1.879994934087610e+07,-7.166973024204329e+06,-1.324056156393454e+07,-3.419402267469961e+06,-2.168936008643090e+07,-4.564336219907531e+06
5.209876543209882e+01,0.000000000000000e+00,-4.347559672775710e-05,-4.245730932216466e-06,-1.053458312496173e-05,4.827351062973771e-06,-3.118331678384032e-06,-1.831681424369252e-06,-1.916896674305794e-03,-4.221900028050507e-04,7.986961659180699e-05,1.761127204650545e-05,-2.098176040951979e+07,-6.729412103391820e+06,-1.464109529777258e+07,-2.876492912146951e+06,-2.348279014707157e+07,-3.755435517059299e+06
5.259259259259265e+01,0.000000000000000e+00,-4.775659954955750e-05,-1.857224865634495e-06,-1.133046142395174e-05,5.851772678436052e-06,-3.456288345542341e-06,-1.796300806074625e-06,-1.963284438217507e-03,-3.203206601510880e-04,8.180345492733917e-05,1.336718792135789e-05,-2.339000207613199e+07,-6.036119445503391e+06,-1.615693686626681e+07,-2.135317831365825e+06,-2.540541520331027e+07,-2.696583726012781e+06
5.308641975308648e+01,0.000000000000000e+00,-5.232139212843456e-05,1.251739711599375e-06,-1.212908333135894e-05,7.082178764575847e-06,-3.829627216759344e-06,-1.724503244043115e-06,-1.998663184310567e-03,-2.053862937615015e-04,8.327871614048393e-05,8.578608511470076e-06,-2.602675035808224e+07,-5.016576819968214e+06,-1.777962066297538e+07,-1.149439675697826e+06,-2.744456038655638e+07,-1.333061789056170e+06
5.358024691358031e+01,0.000000000000000e+00,-5.711216797322321e-05,5.236158634224842e-06,-1.290193254841884e-05,8.552316196337494e-06,-4.238724029190118e-06,-1.605732791083719e-06,-2.019242079456618e-03,-7.761652353356688e-05,8.413744513280941e-05,3.255060656386920e-06,-2.888194880586568e+07,-3.586009539455391e+06,-1.949072576900385e+07,1.351358201231884e+05,-2.957552386600079e+07,3.981351504502461e+05
5.407407407407414e+01,0.000000000000000e+00,-6.202997294618480e-05,1.027044982916269e-05,-1.360837942028073e-05,1.029722498356492e-05,-4.682028275313081e-06,-1.427319721278880e-06,-2.020590914619687e-03,6.188340212333217e-05,8.419503642078933e-05,-2.557451027095846e-06,-3.192727236047295e+07,-1.644819680308205e+06,-2.125780142007359e+07,1.779432723111132e+06,-3.175690487050870e+07,2.567477698694155e+06
5.456790123456797e+01,0.000000000000000e+00,-6.692023403625381e-05,1.654278663370862e-05,-1.419249681588173e-05,1.235054857422391e-05,-5.155096716524544e-06,-1.174464586154041e-06,-1.997734009130480e-03,2.107633791270129e-04,8.324414277060421e-05,-8.761058569705162e-06,-3.510815134125808e+07,9.203593464503092e+05,-2.302933727200840e+07,3.849652856303533e+06,-3.392490670478360e+07,5.250518457524143e+06
5.506172839506180e+01,0.000000000000000e+00,-7.155614926471183e-05,2.424337829883088e-05,-1.457984842616409e-05,1.474012044253297e-05,-5.649362980710718e-06,-8.305179427781567e-07,-1.945390944784565e-03,3.649936814818820e-04,8.106470104143144e-05,-1.518791264440081e-05,-3.833396629215100e+07,4.232829983107214e+06,-2.472895799139567e+07,6.413250068227019e+06,-3.598685606829066e+07,8.523102694993693e+06
5.555555555555563e+01,0.000000000000000e+00,-7.562162106945948e-05,3.354404280693775e-05,-1.467490342213315e-05,1.748129201181754e-05,-6.150677078300318e-06,-3.777457297725143e-07,-1.858433740409392e-03,5.184041652690420e-04,7.744297612851728e-05,-2.158097758465946e-05,-4.146692901028829e+07,8.417673426477151e+06,-2.624940710512302e+07,9.532005684974253e+06,-3.781462449822145e+07,1.245315105393463e+07
5.604938271604946e+01,0.000000000000000e+00,-7.869720796894268e-05,4.456632464499718e-05,-1.436019725539873e-05,2.056759399141848e-05,-6.637747950719393e-06,2.011830197347369e-07,-1.732633612499265e-03,6.622831271076878e-04,7.220267170134014e-05,-2.757730880082421e-05,-4.431105578893489e+07,1.358745140698397e+07,-2.744750255376928e+07,1.325113859703848e+07,-3.923933705334076e+07,1.708797467261703e+07
5.654320987654329e+01,0.000000000000000e+00,-8.025504173350533e-05,5.733628154589193e-05,-1.349891765215329e-05,2.395875371680729e-05,-7.080782005731838e-06,9.207414087614620e-07,-1.565748983567885e-03,7.851855660319146e-04,6.525026197942601e-05,-3.270005157762276e-05,-4.660399302583984e+07,1.982007938120442e+07,-2.814210328682232e+07,1.758377099397768e+07,-4.004970643611063e+07,2.243644727788550e+07
5.703703703703712e+01,0.000000000000000e+00,-7.967142542102269e-05,7.172669314616768e-05,-1.194308306252162e-05,2.756699641347496e-05,-7.440827619478310e-06,1.788962248970822e-06,-1.358939108704015e-03,8.731722702094661e-04,5.663389578281026e-05,-3.636838734727780e-05,-4.801617863493400e+07,2.712816125932488e+07,-2.811809354749123e+07,2.249096276285327e+07,-3.999737998094328e+07,2.844640732281949e+07
5.753086419753095e+01,0.000000000000000e+00,-7.626776516432897e-05,8.739261989183038e-05,-9.549543642341240e-06,3.124404704489402e-05,-7.670564672013967e-06,2.802813836773083e-06,-1.118354335851286e-03,9.107505000306362e-04,4.660966817574564e-05,-3.793671128135022e-05,-4.816344710994828e+07,3.542144058380330e+07,-2.714008480609746e+07,2.785930127714969e+07,-3.881338899440819e+07,3.497968910712767e+07
5.802469135802477e+01,0.000000000000000e+00,-6.938947359131805e-05,1.037140983404430e-04,-6.205116561000664e-06,3.477318013230775e-05,-7.717403441471614e-06,3.943085037729608e-06,-8.565523400798109e-04,8.827582633662558e-04,3.570065154596046e-05,-3.677312830863235e-05,-4.663965859059173e+07,4.446810976954240e+07,-2.497922337068990e+07,3.348074487536937e+07,-3.623932370552726e+07,4.179021511381693e+07
5.851851851851860e+01,0.000000000000000e+00,-5.852570246223395e-05,1.197686789563249e-04,-1.859680383885569e-06,3.787238809634147e-05,-7.529583765419420e-06,5.169988778140295e-06,-5.931644869847547e-04,7.772547980974270e-04,2.472469321894835e-05,-3.237988297599192e-05,-4.307363282608180e+07,5.386606465464126e+07,-2.145419884076032e+07,3.904252220220993e+07,-3.207415574670951e+07,4.851396988351049e+07
5.901234567901243e+01,0.000000000000000e+00,-4.345822690508087e-05,1.343620512939018e-04,3.438145129948504e-06,4.021494749813193e-05,-7.065279667578629e-06,6.421341041010699e-06,-3.541062934980015e-04,5.891022243905696e-04,1.476155800973057e-05,-2.454260446952106e-05,-3.720803510029900e+07,6.303980577106547e+07,-1.648256942952610e+07,4.413686311642408e+07,-2.623197055742909e+07,5.468168772280090e+07
5.950617283950626e+01,0.000000000000000e+00,-2.440725669057866e-05,1.461402413210784e-04,9.512995500114386e-06,4.147072269718157e-05,-6.303454641610184e-06,7.615383819125962e-06,-1.687698958001482e-04,3.234014180768770e-04,7.035985827193464e-06,-1.347350015786231e-05,-2.898690344702056e+07,7.127886369113819e+07,-1.013142656081629e+07,4.829879019031995e+07,-1.879799216746130e+07,5.976307952098458e+07
6.000000000000009e+01,0.000000000000000e+00,-2.123678442086552e-06,1.537859376540273e-04,1.605565484109959e-05,4.136463413006948e-05,-5.253705565340809e-06,8.659576686405467e-06,-6.519654608507269e-05,-2.495856520750287e-06,2.716567537942407e-06,1.047508513269546e-07,-1.862666579003745e+07,7.782536149782515e+07,-2.650042466283726e+06,5.107307717204457e+07,-1.006341990627770e+07,6.324322122105314e+07
6.049382716049392e+01,0.000000000000000e+00,2.212492330335617e-05,1.562662108877101e-04,2.264768141777168e-05,3.973944370458130e-05,-3.961391599870455e-06,9.464763951041175e-06,-6.413425515535482e-05,-3.596774491561518e-04,2.668137988762602e-06,1.498770173750952e-05,-6.639980668035019e+06,8.200079389039439e+07,5.533746213124675e+06,5.209934838848156e+07,-5.190438480610645e+05,6.471814784600272e+07
6.098765432098775e+01,0.000000000000000e+00,4.670186144618189e-05,1.530637742017524e-04,2.881916294451895e-05,3.660305464741171e-05,-2.504932706099863e-06,9.961581263954588e-06,-1.737395357806609e-04,-7.116342823311433e-04,7.230969708225742e-06,2.965422281468248e-05,6.209927603329871e+06,8.334121238600479e+07,1.386312314077185e+07,5.119211041408874e+07,9.202439308078365e+06,6.398341206403033e+07
6.148148148148158e+01,0.000000000000000e+00,6.986077157329588e-05,1.443119215862061e-04,3.412730313814716e-05,3.214151229950249e-05,-9.846161418799136e-07,1.011415193061723e-05,-3.868906957653130e-04,-1.020785277496735e-03,1.610875252313494e-05,4.253834398440997e-05,1.902345332714132e+07,8.169777022288287e+07,2.174068522310777e+07,4.838818100606587e+07,1.842655822527560e+07,6.108512095658213e+07
6.197530864197541e+01,0.000000000000000e+00,9.004513862085944e-05,1.307796472915796e-04,3.823282704544817e-05,2.668985482657814e-05,4.943644949287296e-07,9.926422068614155e-06,-6.822944551463793e-04,-1.255634944260969e-03,2.841462157727195e-05,5.232750113929547e-05,3.091780468065868e+07,7.726661962144119e+07,2.863121215567612e+07,4.394285136534242e+07,2.655187372238759e+07,5.631339889086787e+07
6.246913580246924e+01,0.000000000000000e+00,1.061357456679337e-04,1.137097257385327e-04,4.095057462202273e-05,2.066921424596489e-05,1.839467325880442e-06,9.439124757715816e-06,-1.029079746109192e-03,-1.396251500411967e-03,4.286250399409995e-05,5.819084404386832e-05,4.117230581298784e+07,7.053800068799707e+07,3.414714044214550e+07,3.827538338227721e+07,3.314425231242566e+07,5.013985697300441e+07
6.296296296296307e+01,0.000000000000000e+00,1.175768888303003e-04,9.456820487180402e-05,4.226122783504589e-05,1.451107001633833e-05,2.983761343593781e-06,8.718980461203222e-06,-1.393213466199797e-03,-1.436491539916878e-03,5.803441734110413e-05,5.987200410956544e-05,4.932353389803199e+07,6.218537180713235e+07,3.809277857626469e+07,3.188365832795484e+07,3.798453707873428e+07,4.312173526101696e+07
6.345679012345690e+01,0.000000000000000e+00,1.243642226350236e-04,7.478831357007610e-05,4.228662682253577e-05,8.591607963309946e-06,3.891390682696829e-06,7.844311414554550e-06,-1.743599091019633e-03,-1.382796634096618e-03,7.263459283988680e-05,5.763902218033269e-05,5.519121188378854e+07,5.293437022319756e+07,4.046108509081271e+07,2.525640989122548e+07,4.106350796090425e+07,3.580441150061197e+07
6.395061728395073e+01,0.000000000000000e+00,1.269271453921460e-04,5.557701585487920e-05,4.124288499824694e-05,3.191166997550051e-06,4.555752730886483e-06,6.891602320445996e-06,-2.056253974630993e-03,-1.250617019646772e-03,8.566357076897338e-05,5.213538290835622e-05,5.884292051442442e+07,4.345022259474312e+07,4.139407056057822e+07,1.880657261680102e+07,4.253696567377316e+07,2.864805965448847e+07
6.444444444444456e+01,0.000000000000000e+00,1.259630560392445e-04,3.781454792833077e-05,3.938871831978891e-05,-1.518097469842463e-06,4.992829035739182e-06,5.926023913837231e-06,-2.316010263168784e-03,-1.060011648554438e-03,9.648912232157028e-05,4.419670260731114e-05,6.052280153574110e+07,3.426614480605443e+07,4.112639520910630e+07,1.283634340526247e+07,4.266283142986088e+07,2.198971544775285e+07
6.493827160493838e+01,0.000000000000000e+00,1.222764775483850e-04,2.204028679083165e-05,3.698222346068807e-05,-5.462453491095036e-06,5.232734321529143e-06,4.996801380724895e-06,-2.516111383489238e-03,-8.317293449583534e-04,1.048294814955422e-04,3.468743924050354e-05,6.057188606324022e+07,2.575602894023541e+07,3.993036238853100e+07,7.531841982788393e+06,4.174031169432834e+07,1.603800864571559e+07
6.543209876543220e+01,0.000000000000000e+00,1.166552908133564e-04,8.497273126103807e-06,3.425221078797849e-05,-8.644610337189523e-06,5.311901819618386e-06,4.136670303588131e-06,-2.656531858821038e-03,-5.844660308233601e-04,1.106833687883116e-04,2.438659073746322e-05,5.935983682698039e+07,1.814147280504172e+07,3.807344957985323e+07,2.977975946585888e+06,4.006321477317415e+07,1.088996981511940e+07
6.592592592592602e+01,0.000000000000000e+00,1.097939938541459e-04,-2.795906679636942e-06,3.138409026147239e-05,-1.111848995724861e-05,5.267184239575767e-06,3.363942112695578e-06,-2.741849151972723e-03,-3.334094021928157e-04,1.142413346331901e-04,1.392703199804806e-05,5.723705689766236e+07,1.151856663817838e+07,3.579186675738352e+07,-8.171908356948729e+05,3.789104988445716e+07,6.558061197252031e+06
6.641975308641985e+01,0.000000000000000e+00,1.022586742513596e-04,-1.197005436737713e-05,2.851692917880994e-05,-1.296662065382163e-05,5.132150019711532e-06,2.685734129240626e-06,-2.779249185760141e-03,-8.982538849377474e-05,1.158026607911298e-04,3.778261074090719e-06,5.450751891563880e+07,5.891535183483520e+06,3.327838786053723e+07,-3.896867665466896e+06,3.543582672890714e+07,2.998338507261196e+06
6.691358024691367e+01,0.000000000000000e+00,9.448180367087684e-05,-1.924102426149154e-05,2.574742952490132e-05,-1.428280645541102e-05,4.935254895094244e-06,2.101325638189221e-06,-2.776956041451403e-03,1.386801143328431e-04,1.157099280868808e-04,-5.742713370696581e-06,5.141804773407581e+07,1.204695165098580e+06,3.068041687564659e+07,-6.333563861483190e+06,3.286003988573268e+07,1.345447981132521e+05
6.740740740740749e+01,0.000000000000000e+00,8.677459727924321e-05,-2.486137273337721e-05,2.313718842934772e-05,-1.516043649685478e-05,4.699345986716126e-06,1.605065119857961e-06,-2.743154146490292e-03,3.475586684188992e-04,1.143041006173008e-04,-1.444627718671541e-05,4.815851264799982e+07,-2.631475627626124e+06,2.810410225732416e+07,-8.212543626691977e+06,3.028122042972601e+07,-2.123803254168333e+06
6.790123456790131e+01,0.000000000000000e+00,7.934732748202358e-05,-2.908777851000426e-05,2.072074482411655e-05,-1.568558811378341e-05,4.441971555869652e-06,1.188613519617936e-06,-2.685345367967028e-03,5.346155509993007e-04,1.118977298632665e-04,-2.224089555307115e-05,4.486803538913226e+07,-5.721259966475527e+06,2.562120739805167e+07,-9.620658151883962e+06,2.777945234564045e+07,-3.869232697243865e+06
6.839506172839513e+01,0.000000000000000e+00,7.233130809098143e-05,-3.216143235262256e-05,1.851299667701312e-05,-1.593367388944976e-05,4.176089735987114e-06,8.425270597409522e-07,-2.610035050122468e-03,6.993463188262708e-04,1.087618652579449e-04,-2.910547348095718e-05,4.164367800692900e+07,-8.170986493139026e+06,2.327657923388276e+07,-1.063960958986986e+07,2.540550827693621e+07,-5.188973186905177e+06
6.888888888888896e+01,0.000000000000000e+00,6.579908973802446e-05,-3.429791983429625e-05,1.651536714693005e-05,-1.596843763111091e-05,3.910907019549100e-06,5.572859646439093e-07,-2.522639338912832e-03,8.423796170491770e-04,1.051221862643274e-04,-3.506614061711837e-05,3.854941960159564e+07,-1.008135361422723e+07,2.109502343239314e+07,-1.134246399860380e+07,2.318831881989000e+07,-6.161152189936884e+06
6.938271604938278e+01,0.000000000000000e+00,5.978137586044732e-05,-3.568344126695987e-05,1.472058707108789e-05,-1.584234905209822e-05,3.652691446969648e-06,3.239043010120786e-07,-2.427525516447066e-03,9.650439453453931e-04,1.011606779531544e-04,-4.017819939306009e-05,3.562426855773399e+07,-1.154338067645053e+07,1.908706990620512e+07,-1.179233603228057e+07,2.114122463099058e+07,-6.853347178735135e+06
6.987654320987660e+01,0.000000000000000e+00,5.428035041292873e-05,-3.647490265936979e-05,1.311621445955899e-05,-1.559772417930679e-05,3.405485563744717e-06,1.342465589970236e-07,-2.328121621877166e-03,1.069050149458911e-03,9.702019484752696e-05,-4.451289425941362e-05,3.288904250796289e+07,-1.263677534941596e+07,1.725351847503686e+07,-1.204240210393120e+07,1.926689962346555e+07,-7.322576348216311e+06
7.037037037037042e+01,0.000000000000000e+00,4.927971563215742e-05,-3.680212930541549e-05,1.168711231366934e-05,-1.526813622551039e-05,3.171693854939216e-06,-1.884790262752189e-08,-2.227053620117966e-03,1.156270405210375e-03,9.281017370629083e-05,-4.814820111447896e-05,3.035174659558814e+07,-1.342979310691197e+07,1.558886379889106e+07,-1.213664342211371e+07,1.756105795492040e+07,-7.616078433950600e+06
7.086419753086425e+01,0.000000000000000e+00,4.475198237702725e-05,-3.677105352673168e-05,1.041712127407190e-05,-1.487985899880104e-05,2.952546625004679e-06,-1.415580345527175e-07,-2.126285183421451e-03,1.228592098257483e-03,8.861245604207601e-05,-5.116273735228267e-05,2.801168014289632e+07,-1.397993787524777e+07,1.408378334868665e+07,-1.211092528823725e+07,1.601514694411860e+07,-7.772456002456590e+06
7.135802469135807e+01,0.000000000000000e+00,4.066359750934251e-05,-3.646717429460515e-05,9.290138294863538e-06,-1.445320552663549e-05,2.748455034358664e-06,-2.391404188947173e-07,-2.027246760871742e-03,1.287826896395180e-03,8.448666494246619e-05,-5.363197171822491e-05,2.586247948623275e+07,-1.433507379204853e+07,1.272688725936006e+07,-1.199417171543529e+07,1.461824269731097e+07,-7.822922434418282e+06
7.185185185185189e+01,0.000000000000000e+00,3.697843751090301e-05,-3.595889323389405e-05,8.290773064218880e-06,-1.400370071790337e-05,2.559276246016968e-06,-3.160210421900915e-07,-1.930948020317550e-03,1.335658819047490e-03,8.047488952961930e-05,-5.562605923590855e-05,2.389431547185351e+07,-1.453468052445750e+07,1.150591043919683e+07,-1.180949948907353e+07,1.335834413833346e+07,-7.792506498104696e+06
7.234567901234571e+01,0.000000000000000e+00,3.366010639205337e-05,-3.530052966161410e-05,7.404713817725883e-06,-1.354307161288597e-05,2.384507405610453e-06,-3.758986021260059e-07,-1.838072130213638e-03,1.373618826633516e-03,7.660561305911791e-05,-5.720878133590421e-05,2.209544303711619e+07,-1.461109665214558e+07,1.040849644142897e+07,-1.157524375376369e+07,1.222322711691870e+07,-7.701141672665592e+06
7.283950617283953e+01,0.000000000000000e+00,3.067338098920115e-05,-3.453493804331061e-05,6.618899390837392e-06,-1.308006285447642e-05,2.223424931916572e-06,-4.218471324203662e-07,-1.749052717105569e-03,1.403076745334704e-03,7.289691937412462e-05,-5.843720849148393e-05,2.045326726051122e+07,-1.459066878847177e+07,9.422690197909636e+06,-1.130584856277219e+07,1.120098490935496e+07,-7.564611849839323e+06
7.333333333333336e+01,0.000000000000000e+00,2.798506240044691e-05,-3.369572015271048e-05,5.921566543642709e-06,-1.262109633434054e-05,2.075182705662823e-06,-4.564114008090671e-07,-1.664135445595372e-03,1.425244002166035e-03,6.935905875741034e-05,-5.936181346058648e-05,1.895505634492332e+07,-1.449476982264934e+07,8.537228021739090e+06,-1.101261955513735e+07,1.028035029646053e+07,-7.395350431866866e+06
7.382716049382718e+01,0.000000000000000e+00,2.556442332736512e-05,-3.280906014813273e-05,5.302220488414578e-06,-1.217079785796355e-05,1.938879907018635e-06,-4.816920779237597e-07,-1.583426542330295e-03,1.441182673631561e-03,6.599646985983477e-05,-6.002684774444291e-05,1.758840145120109e+07,-1.434067658080395e+07,7.741689689539242e+06,-1.070434824014028e+07,9.450868893221930e+06,-7.203103001997227e+06
7.432098765432100e+01,0.000000000000000e+00,2.338338746774414e-05,-3.189522671103667e-05,4.751561107039931e-06,-1.173241354057416e-05,1.813606768794266e-06,-4.994197874197116e-07,-1.506930560361192e-03,1.451817837906710e-03,6.280935335121464e-05,-6.047085581767748e-05,1.634149813256340e+07,-1.414231209600630e+07,7.026559113007089e+06,-1.038782287745846e+07,8.702973677144440e+06,-6.995469584404089e+06
7.481481481481482e+01,0.000000000000000e+00,2.141653681996108e-05,-3.096979082611741e-05,4.261386344691791e-06,-1.130813656236949e-05,1.698474472733640e-06,-5.110183331161071e-07,-1.434579461130332e-03,1.457951277733190e-03,5.979488382310490e-05,-6.072724573883696e-05,1.520330422781448e+07,-1.391086502886034e+07,6.383226342447313e+06,-1.006824248663445e+07,8.027995854950614e+06,-6.778344124531575e+06
7.530864197530865e+01,0.000000000000000e+00,1.964101323830702e-05,-3.004460605915900e-05,3.824486599660813e-06,-1.089936207302458e-05,1.592633806900762e-06,-5.176580033586244e-07,-1.366254798161064e-03,1.460275314432699e-03,5.694813426542676e-05,-6.082486530450319e-05,1.416361386376348e+07,-1.365530164605422e+07,5.803953556381148e+06,-9.749549950572245e+06,7.418136375880786e+06,-6.556268185802164e+06
7.580246913580247e+01,0.000000000000000e+00,1.803635935114044e-05,-2.912859353119190e-05,3.434538687574936e-06,-1.050688509140965e-05,1.495285966090315e-06,-5.203001063923763e-07,-1.301804484359825e-03,1.459386050552541e-03,5.426277485455301e-05,-6.078855362627897e-05,1.321307584854362e+07,-1.338278609160468e+07,5.281820437716853e+06,-9.434698599873893e+06,6.866414623763194e+06,-6.332714156550595e+06
7.629629629629629e+01,0.000000000000000e+00,1.658432892597972e-05,-2.822836805850182e-05,3.086004439749646e-06,-1.013105351878203e-05,1.405687945999193e-06,-5.197339416661488e-07,-1.241055346034460e-03,1.455795628060668e-03,5.173159617739429e-05,-6.063965173833813e-05,1.234317636357312e+07,-1.309902366668990e+07,4.810659196053063e+06,-9.125864704696199e+06,6.366605313600842e+06,-6.110311164826764e+06
7.679012345679011e+01,0.000000000000000e+00,1.526868627073028e-05,-2.734873614278977e-05,2.774036679163531e-06,-9.771886005909029e-06,1.323154290308887e-06,-5.166073537778349e-07,-1.183822424552472e-03,1.449943321785158e-03,4.934689692769037e-05,-6.039646471170168e-05,1.154619983895610e+07,-1.280854026874044e+07,4.384985927304889e+06,-8.824616359058324e+06,5.913170804127933e+06,-5.891024813055621e+06
7.728395061728394e+01,0.000000000000000e+00,1.407500702463046e-05,-2.649309116037931e-05,2.494393826961476e-06,-9.429162417700023e-06,1.247056441795153e-06,-5.114519049389549e-07,-1.129915783934057e-03,1.442205420953319e-03,4.710076766941025e-05,-6.007467330207928e-05,1.081517747107622e+07,-1.251490927550381e+07,3.999932501329951e+06,-8.532047371740934e+06,5.501193356939009e+06,-5.676299871365654e+06
7.777777777777776e+01,0.000000000000000e+00,1.299048777126215e-05,-2.566372642562304e-05,2.243363461144671e-06,-9.102493002985761e-06,1.176820578735763e-06,-5.047035717104685e-07,-1.079145417380838e-03,1.432903931392227e-03,4.498529537588099e-05,-5.968769648110570e-05,1.014382981966123e+07,-1.222093548089663e+07,3.651181517623722e+06,-8.248883234259333e+06,5.126310113746624e+06,-5.467173406698704e+06
7.827160493827158e+01,0.000000000000000e+00,1.200376860787260e-05,-2.486208283811809e-05,2.017694590830625e-06,-8.791371058916402e-06,1.111924550582751e-06,-4.967197410047105e-07,-1.031324713178356e-03,1.422314175494002e-03,4.299270793035478e-05,-5.924700805824847e-05,9.526507697167270e+06,-1.192880404883412e+07,3.334905725734414e+06,-7.975564852255597e+06,4.784652335746930e+06,-5.264364367091034e+06
7.876543209876540e+01,0.000000000000000e+00,1.110477063600296e-05,-2.408894453099959e-05,1.814538096420966e-06,-8.495212830164868e-06,1.051894335033409e-06,-4.877931586298777e-07,-9.862728354797035e-04,1.410671388893792e-03,4.111547340188289e-05,-5.876241151204616e-05,8.958134057129767e+06,-1.164020106716045e+07,3.047712573481962e+06,-7.712314613451499e+06,4.472789664119172e+06,-5.068344455982178e+06
7.925925925925922e+01,0.000000000000000e+00,1.028454894544856e-05,-2.334459324398936e-05,1.631394630884470e-06,-8.213387554790073e-06,9.963003018426663e-07,-4.781633752855219e-07,-9.438162931644816e-04,1.398176420427065e-03,3.934636548076848e-05,-5.824227746775700e-05,8.434148535332711e+06,-1.135641108877504e+07,2.786594070699046e+06,-7.459188444693049e+06,4.187679649662671e+06,-4.879394156832958e+06
7.975308641975305e+01,0.000000000000000e+00,9.535160799502244e-06,-2.262892996426351e-05,1.466069221575091e-06,-7.945239918744449e-06,9.447534718592438e-07,-4.680261411406259e-07,-9.037899058574270e-04,1.385000640951143e-03,3.767850378660409e-05,-5.769374821831150e-05,7.950455580998681e+06,-1.107839604761884e+07,2.548881862317822e+06,-7.216116766664168e+06,3.926622482267349e+06,-4.697646981075577e+06
8.024691358024687e+01,0.000000000000000e+00,8.849548220881998e-06,-2.194157062574369e-05,1.316631816400040e-06,-7.690106673264832e-06,8.969018916916233e-07,-4.575411205188477e-07,-8.660373265112723e-04,1.371290160748950e-03,3.610537569188411e-05,-5.712291344161173e-05,7.503376634747498e+06,-1.080685911174401e+07,2.332207232398945e+06,-6.982936658099190e+06,3.687220663571745e+06,-4.523124381115655e+06
8.074074074074069e+01,0.000000000000000e+00,8.221433905600748e-06,-2.128192125688924e-05,1.181383057308267e-06,-7.447328774060967e-06,8.524271970318656e-07,-4.468382315286221e-07,-8.304112416452367e-04,1.357169446837137e-03,3.462084470768693e-05,-5.653496091782273e-05,7.089606485921189e+06,-1.054229634672462e+07,2.134465666381276e+06,-6.759417056730866e+06,3.467343260591717e+06,-4.355763260989354e+06
8.123456790123451e+01,0.000000000000000e+00,7.645229273141819e-06,-2.064923685146760e-05,1.058824621231598e-06,-7.216260093901273e-06,8.110414050396642e-07,-4.360228601382905e-07,-7.967733408561901e-04,1.342744422104195e-03,3.321914924973758e-05,-5.593430565913560e-05,6.706173762368611e+06,-1.028503854268519e+07,1.953785566273564e+06,-6.545278465118280e+06,3.265094343393519e+06,-4.195437629533495e+06
8.172839506172834e+01,0.000000000000000e+00,7.115953439937658e-06,-2.004266735090960e-05,9.476335334415257e-07,-6.996273521795546e-06,7.724839540841338e-07,-4.251801525901119e-07,-7.649941246344255e-04,1.328105118702175e-03,3.189489466199961e-05,-5.532470046881557e-05,6.350405343638880e+06,-1.003528505516198e+07,1.788500694815715e+06,-6.340208292120881e+06,3.078785180475834e+06,-4.041975599324475e+06
8.222222222222216e+01,0.000000000000000e+00,6.629161941128490e-06,-1.946129342389232e-05,8.466399243359488e-07,-6.786765077029868e-06,7.365189944458195e-07,-4.143785526225704e-07,-7.349526022210922e-04,1.313327949040492e-03,3.064304065423542e-05,-5.470933056844367e-05,6.019894457294355e+06,-9.793131202259410e+06,1.637125950514569e+06,-6.143872757060794e+06,2.906909796005049e+06,-3.895172705278540e+06
8.271604938271598e+01,0.000000000000000e+00,6.180884097689629e-06,-1.890415417246888e-05,7.548077641886657e-07,-6.587156523156860e-06,7.029329241306150e-07,-4.036727193871418e-07,-7.065359180754040e-04,1.298477649362458e-03,2.945888576116538e-05,-5.409089458373348e-05,5.712472160399496e+06,-9.558590434889808e+06,1.498336093119129e+06,-5.955926072669467e+06,2.748123505288024e+06,-3.754802303052905e+06
8.320987654320980e+01,0.000000000000000e+00,5.767568015239646e-06,-1.837026845285134e-05,6.712181692863986e-07,-6.396896855963368e-06,6.715321581007678e-07,-3.931059369812124e-07,-6.796389354617462e-04,1.283608943354086e-03,2.833805001169083e-05,-5.347167386564176e-05,5.426181905413237e+06,-9.331612271861475e+06,1.370947072513538e+06,-5.776017479996306e+06,2.601224079064260e+06,-3.620623653804920e+06
8.370370370370362e+01,0.000000000000000e+00,5.386032296952522e-06,-1.785865115007561e-05,5.950549263135742e-07,-6.215462953551328e-06,6.421411159173545e-07,-3.827121061885278e-07,-6.541637980527850e-04,1.268767966553440e-03,2.727645667932613e-05,-5.285359184519361e-05,5.159256893099053e+06,-9.112096799996007e+06,1.253899646795877e+06,-5.603796588769583e+06,2.465135219567695e+06,-3.492388176069556e+06
8.419753086419745e+01,0.000000000000000e+00,5.033423648767747e-06,-1.736832546926642e-05,5.255919294314705e-07,-6.042359610081409e-06,6.146004111698394e-07,-3.725173924663270e-07,-6.300194846683175e-04,1.253993486484875e-03,2.627031374422483e-05,-5.223826487701324e-05,4.910099929300026e+06,-8.899906387550896e+06,1.146245008446147e+06,-5.438917383456551e+06,2.338892064632779e+06,-3.369844246876719e+06
8.469135802469127e+01,0.000000000000000e+00,4.707179646736442e-06,-1.689833208700628e-05,4.621822664367922e-07,-5.877119123135324e-06,5.887652255860846e-07,-3.625415907423712e-07,-6.071213679043310e-04,1.239317948367976e-03,2.531609551525443e-05,-5.162704581516431e-05,4.677265516469552e+06,-8.694875127279572e+06,1.047132167886526e+06,-5.281041175591294e+06,2.221628465549701e+06,-3.252740852464467e+06
8.518518518518509e+01,0.000000000000000e+00,4.404996021714843e-06,-1.644773583282545e-05,4.042487270449945e-07,-5.719300564794078e-06,5.645038509881350e-07,-3.527992566206299e-07,-5.853907841393783e-04,1.224768371870170e-03,2.441052472437024e-05,-5.102106138240916e-05,4.459443946520206e+06,-8.496816451814193e+06,9.557968764272482e+05,-5.129838739770843e+06,2.112565820717474e+06,-3.140830336541626e+06
8.567901234567891e+01,0.000000000000000e+00,4.124797894326486e-06,-1.601563043273286e-05,3.512755381228712e-07,-5.568488835536179e-06,5.416963829712541e-07,-3.433006446562653e-07,-5.647546199396929e-04,1.210367120617859e-03,2.355055530277406e-05,-5.042124423760892e-05,4.255447159593282e+06,-8.305529240744169e+06,8.715518915709622e+05,-4.984991797543628e+06,2.011003262656884e+06,-3.033870428266088e+06
8.617283950617274e+01,0.000000000000000e+00,3.864714463273644e-06,-1.560114173752224e-05,3.028011581995851e-07,-5.424293576216870e-06,5.202335511873444e-07,-3.340524870832907e-07,-5.451449180723982e-04,1.196132562962598e-03,2.273335597278862e-05,-4.982836051190444e-05,4.064196179359009e+06,-8.120802717289921e+06,7.937784174730582e+05,-4.846194002878157e+06,1.916309031776401e+06,-2.931625709437151e+06
8.666666666666656e+01,0.000000000000000e+00,3.623056712484447e-06,-1.520342977146542e-05,2.584119872430965e-07,-5.286347994847826e-06,5.000156722384505e-07,-3.250586404339023e-07,-5.264985049830331e-04,1.182079639756899e-03,2.195629473297973e-05,-4.924303347009060e-05,3.884709941558583e+06,-7.942420354056249e+06,7.219185712318558e+05,-4.713151537431619e+06,1.827912884950960e+06,-2.833868639276036e+06
8.716049382716038e+01,0.000000000000000e+00,3.398297757828070e-06,-1.482168986789759e-05,2.177368680193346e-07,-5.154307650623443e-06,4.809517123681530e-07,-3.163206226374746e-07,-5.087566406133179e-04,1.168220352558053e-03,2.121692427317624e-05,-4.866576385627171e-05,3.716095356773096e+06,-7.770162973743911e+06,6.554687457894420e+05,-4.585583405808047e+06,1.745299408465478e+06,-2.740380233740285e+06
8.765432098765420e+01,0.000000000000000e+00,3.189055502725961e-06,-1.445515310314397e-05,1.804422727836160e-07,-5.027849226611466e-06,4.629584483102282e-07,-3.078380592187533e-07,-4.918646907263203e-04,1.154564183691083e-03,2.051296832648613e-05,-4.809694740008110e-05,3.557538465463341e+06,-7.603811195146972e+06,5.939737566885320e+05,-4.463221501619344e+06,1.668002121374940e+06,-2.650950476111304e+06
8.814814814814802e+01,0.000000000000000e+00,2.994077314616894e-06,-1.410308619644616e-05,1.462280840019746e-07,-4.906669314061320e-06,4.459597157839338e-07,-2.996090539654632e-07,-4.757718214075723e-04,1.141118457911359e-03,1.984230894461619e-05,-4.753688988932462e-05,3.408296559489814e+06,-7.443147346969298e+06,5.370216745089635e+05,-4.345810500376559e+06,1.595598270093541e+06,-2.565378519878035e+06
8.864197530864185e+01,0.000000000000000e+00,2.812226471328435e-06,-1.376479100850705e-05,1.148238905599808e-07,-4.790483224723511e-06,4.298857361812039e-07,-2.916304967705306e-07,-4.604307150603911e-04,1.127888653975612e-03,1.920297466818232e-05,-4.698582015525024e-05,3.267691159200279e+06,-7.287956950302546e+06,4.842392575629916e+05,-4.233107623972023e+06,1.527704228070466e+06,-2.483472732709377e+06
8.913580246913567e+01,0.000000000000000e+00,2.642470158915040e-06,-1.343960374355058e-05,8.598573188454646e-08,-4.679023842635597e-06,4.146725129809944e-07,-2.838983191671297e-07,-4.457973069910584e-04,1.114878673207783e-03,1.859312955441677e-05,-4.644390126571520e-05,3.135101744847490e+06,-7.138029844757549e+06,4.352879100292452e+05,-4.124882307791327e+06,1.463971424064395e+06,-2.405050617752190e+06
8.962962962962949e+01,0.000000000000000e+00,2.483868830646452e-06,-1.312689393749868e-05,5.949323175051440e-08,-4.572040522997942e-06,4.002612903232668e-07,-2.764077062749464e-07,-4.318305415331307e-04,1.102091071112741e-03,1.801106301855954e-05,-4.591124017847307e-05,3.009960164835624e+06,-6.993161045562546e+06,3.898601021231283e+05,-4.020915809852792e+06,1.404082737973022e+06,-2.329938649787958e+06
9.012345679012331e+01,0.000000000000000e+00,2.335566761343218e-06,-1.282606329718600e-05,3.514707156466998e-08,-4.469298042895026e-06,3.865980669955341e-07,-2.691532723947489e-07,-4.184921465832002e-04,1.089527257210677e-03,1.745518044201163e-05,-4.538789607012480e-05,2.891745627155881e+06,-6.853151347662342e+06,3.476761934049537e+05,-3.921000761133393e+06,1.347749299299843e+06,-2.257972037306473e+06
9.061728395061714e+01,0.000000000000000e+00,2.196783652554702e-06,-1.253654444144313e-05,1.276675979231756e-08,-4.370575606467089e-06,3.736331598257721e-07,-2.621292062664093e-07,-4.057464253897095e-04,1.077187667515419e-03,1.692399449903406e-05,-4.487388752504279e-05,2.779980227252019e+06,-6.717807767896820e+06,3.084816130649322e+05,-3.824940700771661e+06,1.294707648356449e+06,-2.188994445291652e+06
9.111111111111096e+01,0.000000000000000e+00,2.066807162482368e-06,-1.225779958350799e-05,-7.811339938803959e-09,-4.275665905488358e-06,3.613208111349775e-07,-2.553293909947342e-07,-3.935600644325882e-04,1.065071913445749e-03,1.641611715361168e-05,-4.436919874216624e-05,2.674224936070715e+06,-6.586943823665542e+06,2.720443519629061e+05,-3.732549587098241e+06,1.244717209162644e+06,-2.122857680814172e+06
9.160493827160478e+01,0.000000000000000e+00,1.944986250618637e-06,-1.198931918540698e-05,-2.673575446468222e-08,-4.184374235170962e-06,3.496188355024287e-07,-2.487475028151524e-07,-3.819019562627769e-04,1.053178910415202e-03,1.593025227940014e-05,-4.387378489490083e-05,2.574076004821319e+06,-6.460379698133910e+06,2.381527302975759e+05,-3.643651306176846e+06,1.197558040534617e+06,-2.059421359968504e+06
9.209876543209860e+01,0.000000000000000e+00,1.830725240962293e-06,-1.173062060767010e-05,-4.414144852090163e-08,-4.096517664120289e-06,3.384883016219372e-07,-2.423770921766180e-07,-3.707430362049143e-04,1.041506988884773e-03,1.546518885708757e-05,-4.338757676015368e-05,2.479161737390650e+06,-6.337942309837547e+06,2.066134078746381e+05,-3.558079181676915e+06,1.153028831154804e+06,-1.998552563054034e+06
9.259259259259242e+01,0.000000000000000e+00,1.723478519747856e-06,-1.148124677215569e-05,-6.015119834551494e-08,-4.011924256787252e-06,3.278932455017397e-07,-2.362116500473246e-07,-3.600561318809447e-04,1.030053990269354e-03,1.501979470577840e-05,-4.291048471613298e-05,2.389139590048167e+06,-6.219465307490520e+06,1.772496085079343e+05,-3.475675492293238e+06,1.110945110077668e+06,-1.940125485328718e+06
9.308641975308625e+01,0.000000000000000e+00,1.622745794098596e-06,-1.124076485119139e-05,-7.487681260862083e-08,-3.930432346335694e-06,3.178004116773539e-07,-2.302446618709281e-07,-3.498158245665071e-04,1.018817349753185e-03,1.459301070724742e-05,-4.244240219456060e-05,2.303693562725044e+06,-6.104789006955724e+06,1.498995336157607e+05,-3.396291001299283e+06,1.071137647670848e+06,-1.884021088917596e+06
9.358024691358007e+01,0.000000000000000e+00,1.528067847166759e-06,-1.100876499275689e-05,-8.842021906137067e-08,-3.851889855608503e-06,3.081790194816381e-07,-2.244696512054515e-07,-3.399983214556437e-04,1.007794167781289e-03,1.418384548456804e-05,-4.198320866092732e-05,2.222531848117410e+06,-5.993760278366560e+06,1.244149430406026e+05,-3.319784498323595e+06,1.033451024077402e+06,-1.830126758302275e+06
9.407407407407389e+01,0.000000000000000e+00,1.439022733200399e-06,-1.078485908849733e-05,-1.008744329338710e-07,-3.776153663683970e-06,2.990005517411525e-07,-2.188802147449800e-07,-3.305813379650455e-04,9.969812717503077e-04,1.379137049893239e-05,-4.153277218627834e-05,2.145384716724457e+06,-5.886232410656311e+06,1.006598843331405e+05,-3.246022364587372e+06,9.977423488095602e+05,-1.778335967466487e+06
9.456790123456771e+01,0.000000000000000e+00,1.355222362905409e-06,-1.056867958928822e-05,-1.123244210527719e-07,-3.703089015490197e-06,2.902385635647256e-07,-2.134700501514244e-07,-3.215439892759187e-04,9.863752692107089e-04,1.341471553126809e-05,-4.109095166520752e-05,2.072002601223180e+06,-5.782064930933124e+06,7.850955296338470e+04,-3.174878145559107e+06,9.638801090905031e+05,-1.728547951242512e+06
9.506172839506154e+01,0.000000000000000e+00,1.276309435491127e-06,-1.035987837121436e-05,-1.228478738735522e-07,-3.632568971904562e-06,2.818685091447729e-07,-2.082329778902594e-07,-3.128666903646449e-04,9.759725937123939e-04,1.305306451746205e-05,-4.065759872722542e-05,2.002154373862831e+06,-5.681123427865116e+06,5.784926960996362e+04,-3.106232155132067e+06,9.317431393872058e+05,-1.680667395240156e+06
9.555555555555536e+01,0.000000000000000e+00,1.201954678991441e-06,-1.015812565355065e-05,-1.325158960988658e-07,-3.564473897817462e-06,2.738675847224216e-07,-2.031629580742635e-07,-3.045310638331462e-04,9.657695442721419e-04,1.270565170849175e-05,-4.023255938228847e-05,1.935625780811367e+06,-5.583279339770693e+06,3.857356067772186e+04,-3.039971086778525e+06,9.012196913593435e+05,-1.634604131680583e+06
9.604938271604918e+01,0.000000000000000e+00,1.131854365058667e-06,-9.963108969327943e-06,-1.413936252170841e-07,-3.498690985725127e-06,2.662145860714613e-07,-1.982541031582222e-07,-2.965198549047648e-04,9.557623193079188e-04,1.237175812905090e-05,-3.981567543569779e-05,1.872218031010607e+06,-5.488409752816745e+06,2.058533129121811e+04,-2.975987654175036e+06,8.722065996244256e+05,-1.590272854038615e+06
9.654320987654300e+01,0.000000000000000e+00,1.065728068405051e-06,-9.774532188143966e-06,-1.495407861463980e-07,-3.435113812466366e-06,2.588897790314648e-07,-1.935006871899590e-07,-2.888168529962813e-04,9.459470457714739e-04,1.205070831011852e-05,-3.940678570285305e-05,1.811746513490020e+06,-5.396397183285515e+06,3.795120248258607e+03,-2.914180244705731e+06,8.446085282324158e+05,-1.547592841851390e+06
9.703703703703682e+01,0.000000000000000e+00,1.003316644560835e-06,-9.592114590445089e-06,-1.570121891696558e-07,-3.373641926872166e-06,2.518747817841429e-07,-1.888971522135391e-07,-2.814068193310615e-04,9.363198041126390e-04,1.174186727319083e-05,-3.900572705026121e-05,1.754039635083936e+06,-5.307129362370675e+06,-1.187957174144030e+04,-2.854452593947520e+06,8.183372914938066e+05,-1.506487700394451e+06
9.753086419753065e+01,0.000000000000000e+00,9.443804026742578e-07,-9.415589991958884e-06,-1.638581774739752e-07,-3.314180466182002e-06,2.451524577046284e-07,-1.844381123231033e-07,-2.742754200977644e-04,9.268766496242655e-04,1.144463774553007e-05,-3.861233528567398e-05,1.698937764678089e+06,-5.220499020908995e+06,-2.651488845379769e+04,-2.796713477874974e+06,7.933112404500027e+05,-1.466885113617268e+06
9.802469135802447e+01,0.000000000000000e+00,8.886974527661009e-07,-9.244705916660460e-06,-1.701250298495409e-07,-3.256639799205408e-06,2.387068177449899e-07,-1.801183557861113e-07,-2.674091647007020e-04,9.176136306436598e-04,1.115845758752549e-05,-3.822644591718842e-05,1.646292273462020e+06,-5.136403676568579e+06,-4.018116611786617e+04,-2.740876422515352e+06,7.694547081272212e+05,-1.428716610276750e+06
9.851851851851829e+01,0.000000000000000e+00,8.360622091939278e-07,-9.079222816493870e-06,-1.758553234432683e-07,-3.200935194345285e-06,2.325229314195263e-07,-1.759328455891451e-07,-2.607953486882804e-04,9.085268040235904e-04,1.088279741493979e-05,-3.784789479853008e-05,1.595964661779194e+06,-5.054745425521980e+06,-5.294342910936550e+04,-2.686859430669173e+06,7.466975074803544e+05,-1.391917343074556e+06
9.901234567901211e+01,0.000000000000000e+00,7.862840341314443e-07,-8.918913335827966e-06,-1.810882608893337e-07,-3.146986510686933e-06,2.265868455566292e-07,-1.718767187009603e-07,-2.544220009765346e-04,8.996122482325455e-04,1.061715840008589e-05,-3.747651867550103e-05,1.547825762696767e+06,-4.975430735528900e+06,-6.486183878109906e+04,-2.634584722735262e+06,7.249744759397170e+05,-1.356425879214210e+06
9.950617283950594e+01,0.000000000000000e+00,7.391860067206336e-07,-8.763561618628939e-06,-1.858599656248212e-07,-3.094717910503743e-06,2.208855100722533e-07,-1.679452843009076e-07,-2.482778350203484e-04,8.908660743950155e-04,1.036107023746441e-05,-3.711215564655624e-05,1.501755018746264e+06,-4.898370254169399e+06,-7.599210039923710e+04,-2.583978497746516e+06,7.042250636166807e+05,-1.322184005448790e+06
9.999999999999976e+01,0.000000000000000e+00,6.946038050936407e-07,-8.612962656252215e-06,-1.902037487721614e-07,-3.044057591622743e-06,2.154067100956554e-07,-1.641340211811093e-07,-2.423522036128791e-04,8.822844355445940e-04,1.011408926055229e-05,-3.675464554886947e-05,1.457639817271260e+06,-4.823478608243542e+06,-8.638583221299975e+04,-2.534970700801366e+06,6.843929572299107e+05,-1.289136540366184e+06
